{
  "version": 2,
  "tags": [
    {
      "name": "lit-no-cem",
      "description": "A component with a title and an action counter",
      "properties": [
        {
          "name": "title",
          "type": "String",
          "description": "The title of your component",
          "default": "Hey there"
        },
        {
          "name": "counter",
          "type": "Number",
          "description": "An action counter",
          "default": 0
        }
      ],
      "events": [],
      "slots": [],
      "cssProperties": [
        {
          "name": "--lit-no-cem-text-color",
          "description": "Main Text Color",
          "type": "Color"
        }
      ]
    }
  ]
}
