{
  "schemaVersion": "1.0.0",
  "readme": "",
  "modules": [
    {
      "kind": "javascript-module",
      "path": "my-element.js",
      "declarations": [
        {
          "kind": "class",
          "description": "",
          "name": "MyElement",
          "members": [
            {
              "kind": "field",
              "name": "count",
              "type": {
                "text": "number"
              },
              "default": "0"
            },
            {
              "kind": "field",
              "name": "title",
              "type": {
                "text": "string"
              },
              "default": "'Hello World'"
            },
            {
              "kind": "method",
              "name": "_increment"
            },
            {
              "kind": "method",
              "name": "setCounter",
              "parameters": [
                {
                  "name": "num"
                }
              ]
            },
            {
              "kind": "method",
              "name": "update"
            },
            {
              "kind": "field",
              "name": "counterElem",
              "privacy": "private"
            },
            {
              "kind": "field",
              "name": "titleElem",
              "privacy": "private"
            },
            {
              "kind": "field",
              "name": "connected",
              "type": {
                "text": "boolean"
              },
              "default": "false"
            }
          ],
          "events": [
            {
              "name": "counter-increment",
              "type": {
                "text": "CustomEvent"
              }
            }
          ],
          "attributes": [
            {
              "name": "count"
            },
            {
              "name": "title"
            }
          ],
          "superclass": {
            "name": "HTMLElement"
          },
          "tagName": "my-element",
          "customElement": true
        }
      ],
      "exports": [
        {
          "kind": "custom-element-definition",
          "name": "my-element",
          "declaration": {
            "name": "MyElement",
            "module": "my-element.js"
          }
        }
      ]
    }
  ]
}
